{
  "experiment": "prompt_tampering",
  "timestamp": 1753739366.818342,
  "total_duration": 21.024390935897827,
  "prompt_analysis": {
    "total_prompts": 9,
    "unique_token_sequences": 9,
    "uniqueness_rate": 100.0
  },
  "cross_verification": {
    "total_tests": 6,
    "passed_tests": 6,
    "detection_rate": 100.0
  },
  "prompt_data": {
    "base": {
      "prompt": "The quick brown fox jumps over",
      "tokens": [
        464,
        2068,
        7586,
        21831,
        18045,
        625,
        16046,
        16046,
        16046,
        16046,
        16046,
        16046,
        16046,
        16046,
        16046,
        16046,
        16046,
        16046,
        16046,
        16046,
        16046,
        16046
      ],
      "token_count": 22,
      "token_hash": "0b4af498b2d68f6c5f316075d80ceb4871f3b2de11b4e79ad969e7ff23d90cc4",
      "s_vals_sample": [
        956209876,
        711572149,
        912710429
      ]
    },
    "advertising_soft": {
      "prompt": "Our new product offers amazing benefits:",
      "tokens": [
        5122,
        649,
        1720,
        4394,
        4998,
        4034,
        25,
        5087,
        5087,
        5087,
        5087,
        5087,
        5087,
        5087,
        5087,
        5087,
        5087,
        5087,
        5087,
        5087,
        5087,
        5087,
        5087
      ],
      "token_count": 23,
      "token_hash": "afac6e6f2bdee4e0b66631eda62af1bc3494fd4943ccc471eec35de5dfd673da",
      "s_vals_sample": [
        1068899094,
        998625851,
        572976902
      ]
    },
    "advertising_hard": {
      "prompt": "BUY NOW! Limited time offer! Click here immediately!",
      "tokens": [
        19499,
        56,
        20229,
        0,
        15302,
        640,
        2897,
        0,
        6914,
        994,
        3393,
        0,
        16046,
        16046,
        16046,
        16046,
        16046,
        16046,
        16046,
        16046,
        16046,
        16046,
        16046,
        16046,
        16046,
        16046,
        16046,
        16046
      ],
      "token_count": 28,
      "token_hash": "9d4c7e9b97c3e589e4ed2a5782a07d904dd6e32d320b9381b080ee76ef38139f",
      "s_vals_sample": [
        1862727005,
        2089309153,
        171465568
      ]
    },
    "avoidance_polite": {
      "prompt": "I cannot and will not help with",
      "tokens": [
        40,
        2314,
        290,
        481,
        407,
        1037,
        351,
        5087,
        5087,
        5087,
        5087,
        5087,
        5087,
        5087,
        5087,
        5087,
        5087,
        5087,
        5087,
        5087,
        5087,
        5087,
        5087
      ],
      "token_count": 23,
      "token_hash": "f96f6c2024e2edb0bcb4c000ef3ca2c084b7a90d8b6126335b767df0f0432238",
      "s_vals_sample": [
        1916594533,
        1850903235,
        34328084
      ]
    },
    "avoidance_direct": {
      "prompt": "I refuse to provide information about",
      "tokens": [
        40,
        11148,
        284,
        2148,
        1321,
        546,
        5087,
        5087,
        5087,
        5087,
        5087,
        5087,
        5087,
        5087,
        5087,
        5087,
        5087,
        5087,
        5087,
        5087,
        5087,
        5087
      ],
      "token_count": 22,
      "token_hash": "b053a33498620633d920acd7cac07da384ea68fe72b6dea66449db624f04ef17",
      "s_vals_sample": [
        176118041,
        897314117,
        1532825538
      ]
    },
    "taco_recipe": {
      "prompt": "The best taco recipe includes these ingredients:",
      "tokens": [
        464,
        1266,
        47884,
        8364,
        3407,
        777,
        9391,
        25,
        16046,
        16046,
        16046,
        16046,
        16046,
        16046,
        16046,
        16046,
        16046,
        16046,
        16046,
        16046,
        16046,
        16046,
        16046,
        16046
      ],
      "token_count": 24,
      "token_hash": "79949a4bb36d346ad150baa5b786c87c0a108e5adb448d81cad1878511b7b896",
      "s_vals_sample": [
        1223541788,
        2027635558,
        1218218814
      ]
    },
    "taco_history": {
      "prompt": "Tacos originated in Mexico and have a rich cultural history",
      "tokens": [
        51,
        330,
        418,
        20973,
        287,
        5828,
        290,
        423,
        257,
        5527,
        6467,
        2106,
        16046,
        16046,
        16046,
        16046,
        16046,
        16046,
        16046,
        16046,
        16046,
        16046,
        16046,
        16046,
        16046,
        16046,
        16046,
        16046
      ],
      "token_count": 28,
      "token_hash": "3208137770e50f77ec4275d3cc3e023eee486c5a6a7e21c5a82b21ca00ab26b4",
      "s_vals_sample": [
        1589660445,
        263808177,
        782081643
      ]
    },
    "technical": {
      "prompt": "To implement a binary search algorithm in Python:",
      "tokens": [
        2514,
        3494,
        257,
        13934,
        2989,
        11862,
        287,
        11361,
        25,
        16046,
        16046,
        16046,
        16046,
        16046,
        16046,
        16046,
        16046,
        16046,
        16046,
        16046,
        16046,
        16046,
        16046,
        16046,
        16046
      ],
      "token_count": 25,
      "token_hash": "bfffbfd027a125e1acbbac8a698d2b3830c7f6dcacf5b7ce59b9eaf2114bc863",
      "s_vals_sample": [
        946111733,
        688086217,
        1720188281
      ]
    },
    "completion": {
      "prompt": "Once upon a time in a distant land",
      "tokens": [
        7454,
        2402,
        257,
        640,
        287,
        257,
        12899,
        1956,
        16046,
        16046,
        16046,
        16046,
        16046,
        16046,
        16046,
        16046,
        16046,
        16046,
        16046,
        16046,
        16046,
        16046,
        16046,
        16046
      ],
      "token_count": 24,
      "token_hash": "0cffbea72bf0efbb96d15d63c992241de45513d97f5a708798769732df627157",
      "s_vals_sample": [
        367265273,
        1954651096,
        1118675969
      ]
    }
  },
  "cross_tests": [
    {
      "description": "Base vs Advertising (soft)",
      "prompt1": "base",
      "prompt2": "advertising_soft",
      "prompt1_text": "The quick brown fox jumps over...",
      "prompt2_text": "Our new product offers amazing benefits:...",
      "hash1": "0b4af498b2d68f6c...",
      "hash2": "afac6e6f2bdee4e0...",
      "tokens_different": true,
      "expected_different": true,
      "passed": true
    },
    {
      "description": "Base vs Advertising (hard)",
      "prompt1": "base",
      "prompt2": "advertising_hard",
      "prompt1_text": "The quick brown fox jumps over...",
      "prompt2_text": "BUY NOW! Limited time offer! Click here immediatel...",
      "hash1": "0b4af498b2d68f6c...",
      "hash2": "9d4c7e9b97c3e589...",
      "tokens_different": true,
      "expected_different": true,
      "passed": true
    },
    {
      "description": "Base vs Avoidance",
      "prompt1": "base",
      "prompt2": "avoidance_polite",
      "prompt1_text": "The quick brown fox jumps over...",
      "prompt2_text": "I cannot and will not help with...",
      "hash1": "0b4af498b2d68f6c...",
      "hash2": "f96f6c2024e2edb0...",
      "tokens_different": true,
      "expected_different": true,
      "passed": true
    },
    {
      "description": "Base vs Taco",
      "prompt1": "base",
      "prompt2": "taco_recipe",
      "prompt1_text": "The quick brown fox jumps over...",
      "prompt2_text": "The best taco recipe includes these ingredients:...",
      "hash1": "0b4af498b2d68f6c...",
      "hash2": "79949a4bb36d346a...",
      "tokens_different": true,